<?xml version="1.0" encoding="utf-8" ?>
<Patch>

	<Operation Class="PatchOperationAdd">
		<xpath>Defs/ThingDef[defName="PsychicDronerShipPart"]</xpath>
		<value>
			<killedLeavings>
				<PsychicEngram>1</PsychicEngram>
			</killedLeavings>
		</value>
	</Operation>
	<Operation Class="PatchOperationAdd">
		<xpath>Defs/ThingDef[defName="PsychicDroner"]</xpath>
		<value>
			<killedLeavings>
				<PsychicEngram>1</PsychicEngram>
			</killedLeavings>
		</value>
	</Operation>
	<Operation Class="PatchOperationAdd">
		<xpath>Defs/ThingDef[defName="PsychicSuppressor"]</xpath>
		<value>
			<killedLeavings>
				<PsychicEngram>1</PsychicEngram>
			</killedLeavings>
		</value>
	</Operation>
	<Operation Class="PatchOperationAdd">
		<xpath>Defs/TraderKindDef[defName = "Caravan_Outlander_Exotic" or defName = "Caravan_Neolithic_ShamanMerchant" or defName = "Orbital_Exotic"]/stockGenerators</xpath>
		<value>
			<li Class="StockGenerator_SingleDef">
					<thingDef>PsychicEngram</thingDef>
					<countRange>
						<min>0</min>
						<max>1</max>
					</countRange>
			</li>
			<li Class="StockGenerator_SingleDef">
					<thingDef>PsychicAwakeningSerum</thingDef>
					<countRange>
						<min>0</min>
						<max>1</max>
					</countRange>
			</li>
		</value>
	</Operation>
	<Operation Class="PatchOperationAdd">
		<xpath>Defs/TraderKindDef[defName = "Base_Outlander_Standard" or defName = "Base_Neolithic_Standard"]/stockGenerators</xpath>
		<value>
			<li Class="StockGenerator_SingleDef">
					<thingDef>PsychicEngram</thingDef>
					<countRange>
						<min>0</min>
						<max>1</max>
					</countRange>
			</li>
			<li Class="StockGenerator_SingleDef">
					<thingDef>PsychicAwakeningSerum</thingDef>
					<countRange>
						<min>0</min>
						<max>1</max>
					</countRange>
			</li>
		</value>
	</Operation>
</Patch>
